#SampleID,BarcodeSequence,LinkerPrimerSequence,group1,group2,group3,IL1_1,IL1_2,IL1JUN,IL1GAO,IL10_1,IL10_2,IL10JUN,IL10GAO,IL6_1,IL6_2,IL6JUN,IL6GAO,TNF,SGB,BXB,LBXBBFB,DHXBBFB,ZXLXBBFB,SSXLXBBFB,SJXLXBBFB,LBXBJDZ,DHXBJDZ,ZXLXBJDZ,SSXLXBJDZ,SJXLXBJDZ,HXB,XHDB,HXBYJ,PJHXBTJ,PJHXBXHDBHL,PJHXBXHDBND,HXBFBKDCV,HXBFBKDSD,XXBSM,XXBFBKD,PJXXBTJ,XXBYJ,DXXBBL,ZLB,LDB,ZDC,XXBLB,Description
W12t1b,GGGATATTATAT,YATGCTGCCTCCCGTAGGAGT,LPS12,BIAN-LPS12,BIAN,0.178,0.173,0.1755,0.178,2.084,1.824,1.954,2.084,0.507,0.456,0.4815,0.507,0.104,5.013767209,7.6,36.6,0.3,61.9,1.2,0,2.78,0.02,4.71,0.09,0,6.44,141,41.1,63.7,21.8,343,13.9,31.6,174,15,6.8,0.118,8.2,1.691256831,139,0.0942,62.58992806,B11_31
W12t1c,CAATGGGCGAAT,YATGCTGCCTCCCGTAGGAGT,LPS12,CHANG-LPS12,CHANG,0.178,0.173,0.1755,0.178,2.084,1.824,1.954,2.084,0.507,0.456,0.4815,0.507,0.104,5.013767209,7.6,36.6,0.3,61.9,1.2,0,2.78,0.02,4.71,0.09,0,6.44,141,41.1,63.7,21.8,343,13.9,31.6,174,15,6.8,0.118,8.2,1.691256831,139,0.0942,62.58992806,B11_49
W12t1l,AAAAATTTTAAC,YATGCTGCCTCCCGTAGGAGT,LPS12,FEI-LPS12,FEI,0.178,0.173,0.1755,0.178,2.084,1.824,1.954,2.084,0.507,0.456,0.4815,0.507,0.104,5.013767209,7.6,36.6,0.3,61.9,1.2,0,2.78,0.02,4.71,0.09,0,6.44,141,41.1,63.7,21.8,343,13.9,31.6,174,15,6.8,0.118,8.2,1.691256831,139,0.0942,62.58992806,B11_13
W12t2b,CCTTTGATGATT,YATGCTGCCTCCCGTAGGAGT,LPS12,BIAN-LPS12,BIAN,1.589,1.311,1.45,1.589,2.236,2.451,2.3435,2.451,1.54,1.332,1.436,1.54,0.118,5.146637266,6.358,50.08,0.52,48.44,0.86,0.1,3.252,0.0476,3.006,0.05,0.004,6.7,146,43.12,64.4,21.78,338.4,14.24,32.64,301.2,15.06,7.08,0.2054,10.84,1.144,275.74,0.134,80.99,B11_32
W12t2c,CGCGCGGCGGGC,YATGCTGCCTCCCGTAGGAGT,LPS12,CHANG-LPS12,CHANG,1.589,1.311,1.45,1.589,2.236,2.451,2.3435,2.451,1.54,1.332,1.436,1.54,0.118,5.146637266,6.358,50.08,0.52,48.44,0.86,0.1,3.252,0.0476,3.006,0.05,0.004,6.7,146,43.12,64.4,21.78,338.4,14.24,32.64,301.2,15.06,7.08,0.2054,10.84,1.144,275.74,0.134,80.99,B11_50
W12t2l,ATTTTTCCCCGA,YATGCTGCCTCCCGTAGGAGT,LPS12,FEI-LPS12,FEI,1.589,1.311,1.45,1.589,2.236,2.451,2.3435,2.451,1.54,1.332,1.436,1.54,0.118,5.146637266,6.358,50.08,0.52,48.44,0.86,0.1,3.252,0.0476,3.006,0.05,0.004,6.7,146,43.12,64.4,21.78,338.4,14.24,32.64,301.2,15.06,7.08,0.2054,10.84,1.144,275.74,0.134,80.99,B11_14
W12t3b,CCGATTGTTATT,YATGCTGCCTCCCGTAGGAGT,LPS12,BIAN-LPS12,BIAN,0.394,0.396,0.395,0.396,3.587,3.668,3.6275,3.668,1.104,1.183,1.1435,1.183,0.192,5.090807175,2.89,62.4,0,36.6,0.9,0.1,1.8,0.004,1.06,0.03,0,6.92,145,42.2,61,20.9,343,13.7,29.8,62,15.4,7.7,0.048,17,0.586538462,450,0.00424,34.44444444,B11_33
W12t3c,CCCCCCCAACCC,YATGCTGCCTCCCGTAGGAGT,LPS12,CHANG-LPS12,CHANG,0.394,0.396,0.395,0.396,3.587,3.668,3.6275,3.668,1.104,1.183,1.1435,1.183,0.192,5.090807175,2.89,62.4,0,36.6,0.9,0.1,1.8,0.004,1.06,0.03,0,6.92,145,42.2,61,20.9,343,13.7,29.8,62,15.4,7.7,0.048,17,0.586538462,450,0.00424,34.44444444,B11_51
W12t3l,GCGCGCGGGTTT,YATGCTGCCTCCCGTAGGAGT,LPS12,FEI-LPS12,FEI,0.394,0.396,0.395,0.396,3.587,3.668,3.6275,3.668,1.104,1.183,1.1435,1.183,0.192,5.090807175,2.89,62.4,0,36.6,0.9,0.1,1.8,0.004,1.06,0.03,0,6.92,145,42.2,61,20.9,343,13.7,29.8,62,15.4,7.7,0.048,17,0.586538462,450,0.00424,34.44444444,B11_15
W12t4b,TTTTGGCTTTCT,YATGCTGCCTCCCGTAGGAGT,LPS12,BIAN-LPS12,BIAN,0.121,0.14,0.1305,0.14,1.916,1.805,1.8605,1.916,0.215,0.204,0.2095,0.215,0.109,5.305555556,5.59,33.8,0.4,64.8,0.9,0.1,1.89,0.02,3.63,0.05,0,6.62,145,42.9,64.8,21.9,338,14.6,33.7,292,14.9,6.8,0.199,8.7,1.917159763,94.5,0.0726,154.4973545,B11_34
W12t4c,CCCCCCCCCTTT,YATGCTGCCTCCCGTAGGAGT,LPS12,CHANG-LPS12,CHANG,0.121,0.14,0.1305,0.14,1.916,1.805,1.8605,1.916,0.215,0.204,0.2095,0.215,0.109,5.305555556,5.59,33.8,0.4,64.8,0.9,0.1,1.89,0.02,3.63,0.05,0,6.62,145,42.9,64.8,21.9,338,14.6,33.7,292,14.9,6.8,0.199,8.7,1.917159763,94.5,0.0726,154.4973545,B11_52
W12t4l,CCCCCCCAGAGG,YATGCTGCCTCCCGTAGGAGT,LPS12,FEI-LPS12,FEI,0.121,0.14,0.1305,0.14,1.916,1.805,1.8605,1.916,0.215,0.204,0.2095,0.215,0.109,5.305555556,5.59,33.8,0.4,64.8,0.9,0.1,1.89,0.02,3.63,0.05,0,6.62,145,42.9,64.8,21.9,338,14.6,33.7,292,14.9,6.8,0.199,8.7,1.917159763,94.5,0.0726,154.4973545,B11_16
W12t5b,CGCGGCGCGGGC,YATGCTGCCTCCCGTAGGAGT,LPS12,BIAN-LPS12,BIAN,0.122,0.113,0.1175,0.122,0.168,0.175,0.1715,0.175,0.163,0.173,0.168,0.173,0.1,5.199742268,9.93,72.1,1.9,25.8,0.2,0,7.16,0.19,2.56,0.02,0,6.29,141,42.4,67.4,22.5,333,13.9,33.4,908,14.8,6.7,0.61,6.4,0.357836338,37.68421053,0.4864,126.8156425,B11_35
W12t5c,CGCTCGCTGCTC,YATGCTGCCTCCCGTAGGAGT,LPS12,CHANG-LPS12,CHANG,0.122,0.113,0.1175,0.122,0.168,0.175,0.1715,0.175,0.163,0.173,0.168,0.173,0.1,5.199742268,9.93,72.1,1.9,25.8,0.2,0,7.16,0.19,2.56,0.02,0,6.29,141,42.4,67.4,22.5,333,13.9,33.4,908,14.8,6.7,0.61,6.4,0.357836338,37.68421053,0.4864,126.8156425,B11_53
W12t5l,TTTTTTTAAACG,YATGCTGCCTCCCGTAGGAGT,LPS12,FEI-LPS12,FEI,0.122,0.113,0.1175,0.122,0.168,0.175,0.1715,0.175,0.163,0.173,0.168,0.173,0.1,5.199742268,9.93,72.1,1.9,25.8,0.2,0,7.16,0.19,2.56,0.02,0,6.29,141,42.4,67.4,22.5,333,13.9,33.4,908,14.8,6.7,0.61,6.4,0.357836338,37.68421053,0.4864,126.8156425,B11_17
W12t6b,CGCTCGCTGCTG,YATGCTGCCTCCCGTAGGAGT,LPS12,BIAN-LPS12,BIAN,0.467,0.513,0.49,0.513,3.327,3.282,3.3045,3.327,0.889,0.927,0.908,0.927,0.167,5.08234127,5.78,45.5,0,53.1,1.1,0.3,2.63,0.004,3.07,0.06,0.02,7.23,158,47,65.1,21.8,335,15.1,34.7,70,15.2,7.4,0.052,13.9,1.167032967,657.5,0.01228,26.61596958,B11_36
W12t6c,CGCGCGGCGGGG,YATGCTGCCTCCCGTAGGAGT,LPS12,CHANG-LPS12,CHANG,0.467,0.513,0.49,0.513,3.327,3.282,3.3045,3.327,0.889,0.927,0.908,0.927,0.167,5.08234127,5.78,45.5,0,53.1,1.1,0.3,2.63,0.004,3.07,0.06,0.02,7.23,158,47,65.1,21.8,335,15.1,34.7,70,15.2,7.4,0.052,13.9,1.167032967,657.5,0.01228,26.61596958,B11_54
W12t6l,CGGCTCTTTTTT,YATGCTGCCTCCCGTAGGAGT,LPS12,FEI-LPS12,FEI,0.467,0.513,0.49,0.513,3.327,3.282,3.3045,3.327,0.889,0.927,0.908,0.927,0.167,5.08234127,5.78,45.5,0,53.1,1.1,0.3,2.63,0.004,3.07,0.06,0.02,7.23,158,47,65.1,21.8,335,15.1,34.7,70,15.2,7.4,0.052,13.9,1.167032967,657.5,0.01228,26.61596958,B11_18
W48t21b,AAAAAATTTTCC,YATGCTGCCTCCCGTAGGAGT,LPS48,BIAN-l48,BIAN,0.117,0.108,0.1125,0.117,0.64,0.504,0.572,0.64,0.115,0.119,0.117,0.119,0.091,4.886462882,10.7,75.2,5.5,18.1,1.2,0,8.04,0.59,1.94,0.13,0,7.05,99,44.3,62.8,14.1,224,14,31.7,74,15.3,8.5,0.063,25.6,0.240691489,13.62711864,1.1446,9.2039801,B11_43
W48t21c,AAAAAAAAAATC,YATGCTGCCTCCCGTAGGAGT,LPS48,CHANG-l48,CHANG,0.117,0.108,0.1125,0.117,0.64,0.504,0.572,0.64,0.115,0.119,0.117,0.119,0.091,4.886462882,10.7,75.2,5.5,18.1,1.2,0,8.04,0.59,1.94,0.13,0,7.05,99,44.3,62.8,14.1,224,14,31.7,74,15.3,8.5,0.063,25.6,0.240691489,13.62711864,1.1446,9.2039801,B11_61
W48t21l,CCCCCCATATTA,YATGCTGCCTCCCGTAGGAGT,LPS48,FEI-l48,FEI,0.117,0.108,0.1125,0.117,0.64,0.504,0.572,0.64,0.115,0.119,0.117,0.119,0.091,4.886462882,10.7,75.2,5.5,18.1,1.2,0,8.04,0.59,1.94,0.13,0,7.05,99,44.3,62.8,14.1,224,14,31.7,74,15.3,8.5,0.063,25.6,0.240691489,13.62711864,1.1446,9.2039801,B11_25
W48t22b,AGATAGATATAT,YATGCTGCCTCCCGTAGGAGT,LPS48,BIAN-l48,BIAN,0.115,0.13,0.1225,0.13,0.708,0.772,0.74,0.772,0.157,0.159,0.158,0.159,0.056,4.928196147,6.54,84.6,2.6,9.9,2.9,0,5.54,0.17,0.64,0.19,0,6.45,139,41.7,64.7,21.6,334,13.1,30.6,53,15.2,8.4,0.044,22.1,0.117021277,32.58823529,0.1088,9.566787004,B11_44
W48t22c,ATTTTTCCCCGC,YATGCTGCCTCCCGTAGGAGT,LPS48,CHANG-l48,CHANG,0.115,0.13,0.1225,0.13,0.708,0.772,0.74,0.772,0.157,0.159,0.158,0.159,0.056,4.928196147,6.54,84.6,2.6,9.9,2.9,0,5.54,0.17,0.64,0.19,0,6.45,139,41.7,64.7,21.6,334,13.1,30.6,53,15.2,8.4,0.044,22.1,0.117021277,32.58823529,0.1088,9.566787004,B11_62
W48t22l,CAAGTTGCTAGG,YATGCTGCCTCCCGTAGGAGT,LPS48,FEI-l48,FEI,0.115,0.13,0.1225,0.13,0.708,0.772,0.74,0.772,0.157,0.159,0.158,0.159,0.056,4.928196147,6.54,84.6,2.6,9.9,2.9,0,5.54,0.17,0.64,0.19,0,6.45,139,41.7,64.7,21.6,334,13.1,30.6,53,15.2,8.4,0.044,22.1,0.117021277,32.58823529,0.1088,9.566787004,B11_26
W48t23b,CGAGAGGGAGAG,YATGCTGCCTCCCGTAGGAGT,LPS48,BIAN-l48,BIAN,0.137,0.116,0.1265,0.137,0.682,0.746,0.714,0.746,0.089,0.076,0.0825,0.089,0.093,4.875409836,10.82,69.3,2.54,25.24,2.92,0,7.424,0.2256,2.876,0.296,0,6.914,136.2,43.5,63.02,19.8,313.8,13.74,31.08,58.2,14.96,8.92,0.05,28.46,0.573,882.16,0.343,8.57,B11_45
W48t23c,TTTGGTTTTTTG,YATGCTGCCTCCCGTAGGAGT,LPS48,CHANG-l48,CHANG,0.137,0.116,0.1265,0.137,0.682,0.746,0.714,0.746,0.089,0.076,0.0825,0.089,0.093,4.875409836,10.82,69.3,2.54,25.24,2.92,0,7.424,0.2256,2.876,0.296,0,6.914,136.2,43.5,63.02,19.8,313.8,13.74,31.08,58.2,14.96,8.92,0.05,28.46,0.573,882.16,0.343,8.57,B11_63
W48t23l,AATGCGAAAGTA,YATGCTGCCTCCCGTAGGAGT,LPS48,FEI-l48,FEI,0.137,0.116,0.1265,0.137,0.682,0.746,0.714,0.746,0.089,0.076,0.0825,0.089,0.093,4.875409836,10.82,69.3,2.54,25.24,2.92,0,7.424,0.2256,2.876,0.296,0,6.914,136.2,43.5,63.02,19.8,313.8,13.74,31.08,58.2,14.96,8.92,0.05,28.46,0.573,882.16,0.343,8.57,B11_27
W48t24b,CCGGCAGGAGGG,YATGCTGCCTCCCGTAGGAGT,LPS48,BIAN-l48,BIAN,0.202,0.201,0.2015,0.202,1.079,1.035,1.057,1.079,0.279,0.291,0.285,0.291,0.127,4.912328767,10.78,30.1,0,61.1,8.8,0,3.24,0.004,6.59,0.95,0,8.02,167,48.7,60.7,20.9,343,13.9,29.8,17,14.3,10.5,0.018,46.8,2.029900332,810,0.02636,5.24691358,B11_46
W48t24c,GGTTTGTTTTTT,YATGCTGCCTCCCGTAGGAGT,LPS48,CHANG-l48,CHANG,0.202,0.201,0.2015,0.202,1.079,1.035,1.057,1.079,0.279,0.291,0.285,0.291,0.127,4.912328767,10.78,30.1,0,61.1,8.8,0,3.24,0.004,6.59,0.95,0,8.02,167,48.7,60.7,20.9,343,13.9,29.8,17,14.3,10.5,0.018,46.8,2.029900332,810,0.02636,5.24691358,B11_64
W48t24l,AAACTAAAAAAA,YATGCTGCCTCCCGTAGGAGT,LPS48,FEI-l48,FEI,0.202,0.201,0.2015,0.202,1.079,1.035,1.057,1.079,0.279,0.291,0.285,0.291,0.127,4.912328767,10.78,30.1,0,61.1,8.8,0,3.24,0.004,6.59,0.95,0,8.02,167,48.7,60.7,20.9,343,13.9,29.8,17,14.3,10.5,0.018,46.8,2.029900332,810,0.02636,5.24691358,B11_28
W48t25b,CTATATATGAGC,YATGCTGCCTCCCGTAGGAGT,LPS48,BIAN-l48,BIAN,0.134,0.145,0.1395,0.145,0.806,0.886,0.846,0.886,0.743,0.107,0.425,0.743,0.123,4.939686369,18.32,77.3,0,22.1,0.6,0,14.15,0.004,4.05,0.12,0,6.94,142,43.6,62.7,20.5,327,13.8,31,55,14.9,9.2,0.051,29.7,0.285899094,3537.5,0.0162,3.886925795,B11_47
W48t25c,CGTTTTTTTTTG,YATGCTGCCTCCCGTAGGAGT,LPS48,CHANG-l48,CHANG,0.134,0.145,0.1395,0.145,0.806,0.886,0.846,0.886,0.743,0.107,0.425,0.743,0.123,4.939686369,18.32,77.3,0,22.1,0.6,0,14.15,0.004,4.05,0.12,0,6.94,142,43.6,62.7,20.5,327,13.8,31,55,14.9,9.2,0.051,29.7,0.285899094,3537.5,0.0162,3.886925795,B11_65
W48t25l,GAAAGCCTGACA,YATGCTGCCTCCCGTAGGAGT,LPS48,FEI-l48,FEI,0.134,0.145,0.1395,0.145,0.806,0.886,0.846,0.886,0.743,0.107,0.425,0.743,0.123,4.939686369,18.32,77.3,0,22.1,0.6,0,14.15,0.004,4.05,0.12,0,6.94,142,43.6,62.7,20.5,327,13.8,31,55,14.9,9.2,0.051,29.7,0.285899094,3537.5,0.0162,3.886925795,B11_29
W48t26b,GCATTATATATT,YATGCTGCCTCCCGTAGGAGT,LPS48,BIAN-l48,BIAN,0.115,0.138,0.1265,0.138,0.491,0.296,0.3935,0.491,0.129,0.175,0.152,0.175,0.101,5,7.76,79.3,4.6,15,1.1,0,6.15,0.36,1.16,0.09,0,6.11,134,39.2,64.2,21.9,341,13.9,32.3,92,15.1,8,0.074,18.1,0.189155107,17.08333333,0.4176,14.95934959,B11_48
W48t26c,CCCATATTATAT,YATGCTGCCTCCCGTAGGAGT,LPS48,CHANG-l48,CHANG,0.115,0.138,0.1265,0.138,0.491,0.296,0.3935,0.491,0.129,0.175,0.152,0.175,0.101,5,7.76,79.3,4.6,15,1.1,0,6.15,0.36,1.16,0.09,0,6.11,134,39.2,64.2,21.9,341,13.9,32.3,92,15.1,8,0.074,18.1,0.189155107,17.08333333,0.4176,14.95934959,B11_66
W48t26l,CGCGCGATATTA,YATGCTGCCTCCCGTAGGAGT,LPS48,FEI-l48,FEI,0.115,0.138,0.1265,0.138,0.491,0.296,0.3935,0.491,0.129,0.175,0.152,0.175,0.101,5,7.76,79.3,4.6,15,1.1,0,6.15,0.36,1.16,0.09,0,6.11,134,39.2,64.2,21.9,341,13.9,32.3,92,15.1,8,0.074,18.1,0.189155107,17.08333333,0.4176,14.95934959,B11_30
WC10Mb,ACATACATATAT,YATGCTGCCTCCCGTAGGAGT,C,BIAN-C,BIAN,0.137,0.111,0.124,0.137,0.118,0.12,0.119,0.12,0.104,0.103,0.1035,0.104,0.093,5.002853067,10.454,83.72,1.32,13.82,1.1,0.04,8.87,0.134,1.354,0.096,0,6.75,133.2,38.92,61.32,20.9,341.6,14,30.64,636.2,14.8,7,0.4314,8.68,0.169,66.76,0.2475,71.56,B11_39
WC10Mc,GCTCTCTTTTTT,YATGCTGCCTCCCGTAGGAGT,C,CHANG-C,CHANG,0.137,0.111,0.124,0.137,0.118,0.12,0.119,0.12,0.104,0.103,0.1035,0.104,0.093,5.002853067,10.454,83.72,1.32,13.82,1.1,0.04,8.87,0.134,1.354,0.096,0,6.75,133.2,38.92,61.32,20.9,341.6,14,30.64,636.2,14.8,7,0.4314,8.68,0.169,66.76,0.2475,71.56,B11_57
WC10Ml,GGGGTTTTTTAT,YATGCTGCCTCCCGTAGGAGT,C,FEI-C,FEI,0.137,0.111,0.124,0.137,0.118,0.12,0.119,0.12,0.104,0.103,0.1035,0.104,0.093,5.002853067,10.454,83.72,1.32,13.82,1.1,0.04,8.87,0.134,1.354,0.096,0,6.75,133.2,38.92,61.32,20.9,341.6,14,30.64,636.2,14.8,7,0.4314,8.68,0.169,66.76,0.2475,71.56,B11_21
WC31Hb,CCCTCCCCGCTC,YATGCTGCCTCCCGTAGGAGT,C,BIAN-C,BIAN,0.1,0.094,0.097,0.1,0.125,0.132,0.1285,0.132,0.118,0.123,0.1205,0.123,0.086,4.802816901,12.59,78.9,1.5,19,0.6,0,9.95,0.18,2.39,0.07,0,7.67,155,45.1,58.9,20.2,344,14.3,29.9,957,14.6,6.2,0.596,4.8,0.240811153,55.27777778,0.4302,96.18090452,B11_40
WC31Hc,TTATATATTTAA,YATGCTGCCTCCCGTAGGAGT,C,CHANG-C,CHANG,0.1,0.094,0.097,0.1,0.125,0.132,0.1285,0.132,0.118,0.123,0.1205,0.123,0.086,4.802816901,12.59,78.9,1.5,19,0.6,0,9.95,0.18,2.39,0.07,0,7.67,155,45.1,58.9,20.2,344,14.3,29.9,957,14.6,6.2,0.596,4.8,0.240811153,55.27777778,0.4302,96.18090452,B11_58
WC31Hl,GGGATATTATAA,YATGCTGCCTCCCGTAGGAGT,C,FEI-C,FEI,0.1,0.094,0.097,0.1,0.125,0.132,0.1285,0.132,0.118,0.123,0.1205,0.123,0.086,4.802816901,12.59,78.9,1.5,19,0.6,0,9.95,0.18,2.39,0.07,0,7.67,155,45.1,58.9,20.2,344,14.3,29.9,957,14.6,6.2,0.596,4.8,0.240811153,55.27777778,0.4302,96.18090452,B11_22
WC32Hb,CAATGGGCGAAA,YATGCTGCCTCCCGTAGGAGT,C,BIAN-C,BIAN,0.108,0.103,0.1055,0.108,0.101,0.112,0.1065,0.112,0.143,0.095,0.119,0.143,0.074,4.965346535,10.23,88.3,0.9,9.9,0.9,0,9.04,0.09,1.01,0.09,0,7.44,154,44.5,59.8,20.8,347,13.7,29.2,801,14.9,7,0.561,8.5,0.11211778,100.4444444,0.0909,88.60619469,B11_41
WC32Hc,CGATATATTATT,YATGCTGCCTCCCGTAGGAGT,C,CHANG-C,CHANG,0.108,0.103,0.1055,0.108,0.101,0.112,0.1065,0.112,0.143,0.095,0.119,0.143,0.074,4.965346535,10.23,88.3,0.9,9.9,0.9,0,9.04,0.09,1.01,0.09,0,7.44,154,44.5,59.8,20.8,347,13.7,29.2,801,14.9,7,0.561,8.5,0.11211778,100.4444444,0.0909,88.60619469,B11_59
WC32Hl,GGCGGGCAGGTA,YATGCTGCCTCCCGTAGGAGT,C,FEI-C,FEI,0.108,0.103,0.1055,0.108,0.101,0.112,0.1065,0.112,0.143,0.095,0.119,0.143,0.074,4.965346535,10.23,88.3,0.9,9.9,0.9,0,9.04,0.09,1.01,0.09,0,7.44,154,44.5,59.8,20.8,347,13.7,29.2,801,14.9,7,0.561,8.5,0.11211778,100.4444444,0.0909,88.60619469,B11_23
WC33Hb,AAAAAAAAAACC,YATGCTGCCTCCCGTAGGAGT,C,BIAN-C,BIAN,0.129,0.119,0.124,0.129,0.131,0.168,0.1495,0.168,0.165,0.142,0.1535,0.165,0.084,4.93,21.21,86.7,1.3,11.1,0.9,0,18.39,0.28,2.34,0.2,0,7.37,155,45.1,61.2,21,343,14.8,32.2,1055,14.8,6.9,0.727,7.6,0.128027682,65.67857143,0.6552,57.36813486,B11_42
WC33Hc,AGTCGGCGTAAA,YATGCTGCCTCCCGTAGGAGT,C,CHANG-C,CHANG,0.129,0.119,0.124,0.129,0.131,0.168,0.1495,0.168,0.165,0.142,0.1535,0.165,0.084,4.93,21.21,86.7,1.3,11.1,0.9,0,18.39,0.28,2.34,0.2,0,7.37,155,45.1,61.2,21,343,14.8,32.2,1055,14.8,6.9,0.727,7.6,0.128027682,65.67857143,0.6552,57.36813486,B11_60
WC33Hl,GGGGGGGGGGTT,YATGCTGCCTCCCGTAGGAGT,C,FEI-C,FEI,0.129,0.119,0.124,0.129,0.131,0.168,0.1495,0.168,0.165,0.142,0.1535,0.165,0.084,4.93,21.21,86.7,1.3,11.1,0.9,0,18.39,0.28,2.34,0.2,0,7.37,155,45.1,61.2,21,343,14.8,32.2,1055,14.8,6.9,0.727,7.6,0.128027682,65.67857143,0.6552,57.36813486,B11_24
WC8Mb,TTTTTCCCCCCG,YATGCTGCCTCCCGTAGGAGT,C,BIAN-C,BIAN,0.852,0.637,0.7445,0.852,0.101,0.108,0.1045,0.108,0.101,0.086,0.0935,0.101,0.099,5.023364486,5.61,88.1,1.5,8.9,1.5,0,4.95,0.08,0.5,0.08,0,6.39,129,38.2,63.4,21.3,337,13.7,31.2,227,14.7,7.3,0.166,10.7,0.101021566,61.875,0.04,45.85858586,B11_37
WC8Mc,TTTTCGCGCGCG,YATGCTGCCTCCCGTAGGAGT,C,CHANG-C,CHANG,0.852,0.637,0.7445,0.852,0.101,0.108,0.1045,0.108,0.101,0.086,0.0935,0.101,0.099,5.023364486,5.61,88.1,1.5,8.9,1.5,0,4.95,0.08,0.5,0.08,0,6.39,129,38.2,63.4,21.3,337,13.7,31.2,227,14.7,7.3,0.166,10.7,0.101021566,61.875,0.04,45.85858586,B11_55
WC8Ml,TTATATTATAGA,YATGCTGCCTCCCGTAGGAGT,C,FEI-C,FEI,0.852,0.637,0.7445,0.852,0.101,0.108,0.1045,0.108,0.101,0.086,0.0935,0.101,0.099,5.023364486,5.61,88.1,1.5,8.9,1.5,0,4.95,0.08,0.5,0.08,0,6.39,129,38.2,63.4,21.3,337,13.7,31.2,227,14.7,7.3,0.166,10.7,0.101021566,61.875,0.04,45.85858586,B11_19
WC9Mb,CGGCTTTTTTTT,YATGCTGCCTCCCGTAGGAGT,C,BIAN-C,BIAN,0.119,0.13,0.1245,0.13,0.154,0.15,0.152,0.154,0.123,0.137,0.13,0.137,0.09,4.874005305,2.63,76.6,1.4,20.2,1.6,0.2,2.02,0.04,0.53,0.04,0,3.44,73,21.7,63.3,21.3,337,13.5,30.7,141,15,7.6,0.107,11.8,0.263707572,50.5,0.0212,69.8019802,B11_38
WC9Mc,GGATATTATATT,YATGCTGCCTCCCGTAGGAGT,C,CHANG-C,CHANG,0.119,0.13,0.1245,0.13,0.154,0.15,0.152,0.154,0.123,0.137,0.13,0.137,0.09,4.874005305,2.63,76.6,1.4,20.2,1.6,0.2,2.02,0.04,0.53,0.04,0,3.44,73,21.7,63.3,21.3,337,13.5,30.7,141,15,7.6,0.107,11.8,0.263707572,50.5,0.0212,69.8019802,B11_56
WC9Ml,AATGCGAAAGTT,YATGCTGCCTCCCGTAGGAGT,C,FEI-C,FEI,0.119,0.13,0.1245,0.13,0.154,0.15,0.152,0.154,0.123,0.137,0.13,0.137,0.09,4.874005305,2.63,76.6,1.4,20.2,1.6,0.2,2.02,0.04,0.53,0.04,0,3.44,73,21.7,63.3,21.3,337,13.5,30.7,141,15,7.6,0.107,11.8,0.263707572,50.5,0.0212,69.8019802,B11_20
